﻿<?xml version="1.0" encoding="utf-8"?>
<ProjectConfig xmlns:i="http://www.w3.org/2001/XMLSchema-instance" z:Id="1" xmlns:z="http://schemas.microsoft.com/2003/10/Serialization/" xmlns="http://schemas.datacontract.org/2004/07/SAAT.ConfigHandler">
  <ArxmlFilePath z:Id="2">D:\Autosar\SAAT Projects\Task 5\Task5_ModeSwitch.arxml</ArxmlFilePath>
  <FilePath z:Id="3">D:\Autosar\SAAT Projects\Task 5\Task5_ModeSwitch.xml</FilePath>
  <ProjectName z:Id="4">Task3_ClientServer</ProjectName>
  <TopCompositionName z:Id="5">Task3_ClientServerComposition</TopCompositionName>
</ProjectConfig>